Method,Job,AnalyzeLaunchVariance,EvaluateOverhead,MaxAbsoluteError,MaxRelativeError,MinInvokeCount,MinIterationTime,OutlierMode,Affinity,EnvironmentVariables,Jit,LargeAddressAware,Platform,PowerPlanMode,Runtime,AllowVeryLargeObjects,Concurrent,CpuGroups,Force,HeapAffinitizeMask,HeapCount,NoAffinitize,RetainVm,Server,Arguments,BuildConfiguration,Clock,EngineFactory,NuGetReferences,Toolchain,IsMutator,InvocationCount,IterationCount,IterationTime,LaunchCount,MaxIterationCount,MaxWarmupIterationCount,MemoryRandomization,MinIterationCount,MinWarmupIterationCount,RunStrategy,UnrollFactor,WarmupCount,Categories,Expression,Mean,Error,StdDev,Ratio,RatioSD,Gen0,Allocated,Alloc Ratio
CronosNext,ShortRun,False,Default,Default,Default,Default,Default,Default,000000000000000000000000000000000000000000000000000000000000000000000000000000000000000000000000000000000000000000000000000000001111111111111111111111111111111111111111111111111111111111111111,Empty,RyuJit,Default,X64,8c5e7fda-e8bf-4a96-9a85-a6e23a8c635c,.NET 10.0,False,True,False,True,Default,Default,False,False,False,Default,Default,Default,Default,Default,Default,Default,Default,8,Default,1,Default,Default,Default,Default,Default,Default,16,3,Next,* * * * *,17.228 ns,0.4421 ns,0.2312 ns,1.00,0.02,0.0000,0 B,NA
SoennekerNext,ShortRun,False,Default,Default,Default,Default,Default,Default,000000000000000000000000000000000000000000000000000000000000000000000000000000000000000000000000000000000000000000000000000000001111111111111111111111111111111111111111111111111111111111111111,Empty,RyuJit,Default,X64,8c5e7fda-e8bf-4a96-9a85-a6e23a8c635c,.NET 10.0,False,True,False,True,Default,Default,False,False,False,Default,Default,Default,Default,Default,Default,Default,Default,8,Default,1,Default,Default,Default,Default,Default,Default,16,3,Next,* * * * *,5.444 ns,0.1589 ns,0.0706 ns,0.32,0.01,0.0000,0 B,NA
CronosNext,ShortRun,False,Default,Default,Default,Default,Default,Default,000000000000000000000000000000000000000000000000000000000000000000000000000000000000000000000000000000000000000000000000000000001111111111111111111111111111111111111111111111111111111111111111,Empty,RyuJit,Default,X64,8c5e7fda-e8bf-4a96-9a85-a6e23a8c635c,.NET 10.0,False,True,False,True,Default,Default,False,False,False,Default,Default,Default,Default,Default,Default,Default,Default,8,Default,1,Default,Default,Default,Default,Default,Default,16,3,Next,*/15 * * * * *,17.126 ns,0.3939 ns,0.1749 ns,1.00,0.01,0.0000,0 B,NA
SoennekerNext,ShortRun,False,Default,Default,Default,Default,Default,Default,000000000000000000000000000000000000000000000000000000000000000000000000000000000000000000000000000000000000000000000000000000001111111111111111111111111111111111111111111111111111111111111111,Empty,RyuJit,Default,X64,8c5e7fda-e8bf-4a96-9a85-a6e23a8c635c,.NET 10.0,False,True,False,True,Default,Default,False,False,False,Default,Default,Default,Default,Default,Default,Default,Default,8,Default,1,Default,Default,Default,Default,Default,Default,16,3,Next,*/15 * * * * *,5.472 ns,0.2027 ns,0.1060 ns,0.32,0.01,0.0000,0 B,NA
CronosNext,ShortRun,False,Default,Default,Default,Default,Default,Default,000000000000000000000000000000000000000000000000000000000000000000000000000000000000000000000000000000000000000000000000000000001111111111111111111111111111111111111111111111111111111111111111,Empty,RyuJit,Default,X64,8c5e7fda-e8bf-4a96-9a85-a6e23a8c635c,.NET 10.0,False,True,False,True,Default,Default,False,False,False,Default,Default,Default,Default,Default,Default,Default,Default,8,Default,1,Default,Default,Default,Default,Default,Default,16,3,Next,0 0 29 2 *,23.606 ns,0.4527 ns,0.2368 ns,1.00,0.01,0.0000,0 B,NA
SoennekerNext,ShortRun,False,Default,Default,Default,Default,Default,Default,000000000000000000000000000000000000000000000000000000000000000000000000000000000000000000000000000000000000000000000000000000001111111111111111111111111111111111111111111111111111111111111111,Empty,RyuJit,Default,X64,8c5e7fda-e8bf-4a96-9a85-a6e23a8c635c,.NET 10.0,False,True,False,True,Default,Default,False,False,False,Default,Default,Default,Default,Default,Default,Default,Default,8,Default,1,Default,Default,Default,Default,Default,Default,16,3,Next,0 0 29 2 *,13.807 ns,0.2615 ns,0.1368 ns,0.58,0.01,0.0000,0 B,NA
CronosNext,ShortRun,False,Default,Default,Default,Default,Default,Default,000000000000000000000000000000000000000000000000000000000000000000000000000000000000000000000000000000000000000000000000000000001111111111111111111111111111111111111111111111111111111111111111,Empty,RyuJit,Default,X64,8c5e7fda-e8bf-4a96-9a85-a6e23a8c635c,.NET 10.0,False,True,False,True,Default,Default,False,False,False,Default,Default,Default,Default,Default,Default,Default,Default,8,Default,1,Default,Default,Default,Default,Default,Default,16,3,Next,0 0 L * *,18.814 ns,0.3495 ns,0.1828 ns,1.00,0.01,0.0000,0 B,NA
SoennekerNext,ShortRun,False,Default,Default,Default,Default,Default,Default,000000000000000000000000000000000000000000000000000000000000000000000000000000000000000000000000000000000000000000000000000000001111111111111111111111111111111111111111111111111111111111111111,Empty,RyuJit,Default,X64,8c5e7fda-e8bf-4a96-9a85-a6e23a8c635c,.NET 10.0,False,True,False,True,Default,Default,False,False,False,Default,Default,Default,Default,Default,Default,Default,Default,8,Default,1,Default,Default,Default,Default,Default,Default,16,3,Next,0 0 L * *,12.808 ns,0.2062 ns,0.0915 ns,0.68,0.01,0.0000,0 B,NA
CronosNext,ShortRun,False,Default,Default,Default,Default,Default,Default,000000000000000000000000000000000000000000000000000000000000000000000000000000000000000000000000000000000000000000000000000000001111111111111111111111111111111111111111111111111111111111111111,Empty,RyuJit,Default,X64,8c5e7fda-e8bf-4a96-9a85-a6e23a8c635c,.NET 10.0,False,True,False,True,Default,Default,False,False,False,Default,Default,Default,Default,Default,Default,Default,Default,8,Default,1,Default,Default,Default,Default,Default,Default,16,3,Next,0 9 * * 1-5,31.316 ns,0.7339 ns,0.3839 ns,1.00,0.02,0.0000,0 B,NA
SoennekerNext,ShortRun,False,Default,Default,Default,Default,Default,Default,000000000000000000000000000000000000000000000000000000000000000000000000000000000000000000000000000000000000000000000000000000001111111111111111111111111111111111111111111111111111111111111111,Empty,RyuJit,Default,X64,8c5e7fda-e8bf-4a96-9a85-a6e23a8c635c,.NET 10.0,False,True,False,True,Default,Default,False,False,False,Default,Default,Default,Default,Default,Default,Default,Default,8,Default,1,Default,Default,Default,Default,Default,Default,16,3,Next,0 9 * * 1-5,20.399 ns,0.3401 ns,0.1510 ns,0.65,0.01,0.0000,0 B,NA
CronosParse,ShortRun,False,Default,Default,Default,Default,Default,Default,000000000000000000000000000000000000000000000000000000000000000000000000000000000000000000000000000000000000000000000000000000001111111111111111111111111111111111111111111111111111111111111111,Empty,RyuJit,Default,X64,8c5e7fda-e8bf-4a96-9a85-a6e23a8c635c,.NET 10.0,False,True,False,True,Default,Default,False,False,False,Default,Default,Default,Default,Default,Default,Default,Default,8,Default,1,Default,Default,Default,Default,Default,Default,16,3,Parse,* * * * *,8.663 ns,0.2347 ns,0.1227 ns,1.00,0.02,0.0029,48 B,1.00
SoennekerParse,ShortRun,False,Default,Default,Default,Default,Default,Default,000000000000000000000000000000000000000000000000000000000000000000000000000000000000000000000000000000000000000000000000000000001111111111111111111111111111111111111111111111111111111111111111,Empty,RyuJit,Default,X64,8c5e7fda-e8bf-4a96-9a85-a6e23a8c635c,.NET 10.0,False,True,False,True,Default,Default,False,False,False,Default,Default,Default,Default,Default,Default,Default,Default,8,Default,1,Default,Default,Default,Default,Default,Default,16,3,Parse,* * * * *,7.950 ns,0.1548 ns,0.0810 ns,0.92,0.02,0.0000,0 B,0.00
CronosParse,ShortRun,False,Default,Default,Default,Default,Default,Default,000000000000000000000000000000000000000000000000000000000000000000000000000000000000000000000000000000000000000000000000000000001111111111111111111111111111111111111111111111111111111111111111,Empty,RyuJit,Default,X64,8c5e7fda-e8bf-4a96-9a85-a6e23a8c635c,.NET 10.0,False,True,False,True,Default,Default,False,False,False,Default,Default,Default,Default,Default,Default,Default,Default,8,Default,1,Default,Default,Default,Default,Default,Default,16,3,Parse,*/15 * * * * *,13.388 ns,0.2831 ns,0.1257 ns,1.00,0.01,0.0029,48 B,1.00
SoennekerParse,ShortRun,False,Default,Default,Default,Default,Default,Default,000000000000000000000000000000000000000000000000000000000000000000000000000000000000000000000000000000000000000000000000000000001111111111111111111111111111111111111111111111111111111111111111,Empty,RyuJit,Default,X64,8c5e7fda-e8bf-4a96-9a85-a6e23a8c635c,.NET 10.0,False,True,False,True,Default,Default,False,False,False,Default,Default,Default,Default,Default,Default,Default,Default,8,Default,1,Default,Default,Default,Default,Default,Default,16,3,Parse,*/15 * * * * *,12.017 ns,0.4178 ns,0.2185 ns,0.90,0.02,0.0000,0 B,0.00
CronosParse,ShortRun,False,Default,Default,Default,Default,Default,Default,000000000000000000000000000000000000000000000000000000000000000000000000000000000000000000000000000000000000000000000000000000001111111111111111111111111111111111111111111111111111111111111111,Empty,RyuJit,Default,X64,8c5e7fda-e8bf-4a96-9a85-a6e23a8c635c,.NET 10.0,False,True,False,True,Default,Default,False,False,False,Default,Default,Default,Default,Default,Default,Default,Default,8,Default,1,Default,Default,Default,Default,Default,Default,16,3,Parse,0 0 29 2 *,12.627 ns,0.3235 ns,0.1692 ns,1.00,0.02,0.0029,48 B,1.00
SoennekerParse,ShortRun,False,Default,Default,Default,Default,Default,Default,000000000000000000000000000000000000000000000000000000000000000000000000000000000000000000000000000000000000000000000000000000001111111111111111111111111111111111111111111111111111111111111111,Empty,RyuJit,Default,X64,8c5e7fda-e8bf-4a96-9a85-a6e23a8c635c,.NET 10.0,False,True,False,True,Default,Default,False,False,False,Default,Default,Default,Default,Default,Default,Default,Default,8,Default,1,Default,Default,Default,Default,Default,Default,16,3,Parse,0 0 29 2 *,10.557 ns,0.3866 ns,0.2022 ns,0.84,0.02,0.0000,0 B,0.00
CronosParse,ShortRun,False,Default,Default,Default,Default,Default,Default,000000000000000000000000000000000000000000000000000000000000000000000000000000000000000000000000000000000000000000000000000000001111111111111111111111111111111111111111111111111111111111111111,Empty,RyuJit,Default,X64,8c5e7fda-e8bf-4a96-9a85-a6e23a8c635c,.NET 10.0,False,True,False,True,Default,Default,False,False,False,Default,Default,Default,Default,Default,Default,Default,Default,8,Default,1,Default,Default,Default,Default,Default,Default,16,3,Parse,0 0 L * *,10.601 ns,0.1887 ns,0.0987 ns,1.00,0.01,0.0029,48 B,1.00
SoennekerParse,ShortRun,False,Default,Default,Default,Default,Default,Default,000000000000000000000000000000000000000000000000000000000000000000000000000000000000000000000000000000000000000000000000000000001111111111111111111111111111111111111111111111111111111111111111,Empty,RyuJit,Default,X64,8c5e7fda-e8bf-4a96-9a85-a6e23a8c635c,.NET 10.0,False,True,False,True,Default,Default,False,False,False,Default,Default,Default,Default,Default,Default,Default,Default,8,Default,1,Default,Default,Default,Default,Default,Default,16,3,Parse,0 0 L * *,8.221 ns,0.2851 ns,0.1491 ns,0.78,0.01,0.0000,0 B,0.00
CronosParse,ShortRun,False,Default,Default,Default,Default,Default,Default,000000000000000000000000000000000000000000000000000000000000000000000000000000000000000000000000000000000000000000000000000000001111111111111111111111111111111111111111111111111111111111111111,Empty,RyuJit,Default,X64,8c5e7fda-e8bf-4a96-9a85-a6e23a8c635c,.NET 10.0,False,True,False,True,Default,Default,False,False,False,Default,Default,Default,Default,Default,Default,Default,Default,8,Default,1,Default,Default,Default,Default,Default,Default,16,3,Parse,0 9 * * 1-5,12.933 ns,0.2224 ns,0.1163 ns,1.00,0.01,0.0029,48 B,1.00
SoennekerParse,ShortRun,False,Default,Default,Default,Default,Default,Default,000000000000000000000000000000000000000000000000000000000000000000000000000000000000000000000000000000000000000000000000000000001111111111111111111111111111111111111111111111111111111111111111,Empty,RyuJit,Default,X64,8c5e7fda-e8bf-4a96-9a85-a6e23a8c635c,.NET 10.0,False,True,False,True,Default,Default,False,False,False,Default,Default,Default,Default,Default,Default,Default,Default,8,Default,1,Default,Default,Default,Default,Default,Default,16,3,Parse,0 9 * * 1-5,11.652 ns,0.2851 ns,0.1266 ns,0.90,0.01,0.0000,0 B,0.00
